{"rmse": 0.9541599896813383, "cv_rmse": 0.9749659960236634}