{"rmse": 5.991518134263798, "cv_rmse": 6.2683539987539}