{"rmse": 2.510454577893244, "cv_rmse": 2.5882748282373216}