{"rmse": 1.2847028861588907, "cv_rmse": 1.3180391953917694}