{"rmse": 0.760472608018009, "cv_rmse": 0.7916300586167926}