{"rmse": 1.8779438327912827, "cv_rmse": 1.9328094992117364}